qo,qg
389.35376363412246,2936.8047061966167
351.16981294908317,2873.516665150398
366.4672182108898,3052.652834874985
347.72741907211054,2851.290373004832
401.4375313318132,2503.509918099245
404.07588222085184,2927.1320509876386
381.3901510080397,2997.4364967837128
379.8174194681926,2920.092688325753
383.5562075095842,2945.3270154875177
373.5995911548323,3187.815990623697
365.4184407542279,3108.669813424511
396.82491532371836,2860.9564114678446
394.32017050409735,2907.612664659602
395.0714334989061,2485.239156299405
333.7967779623969,2587.273918426419
358.8702706966428,2966.2448962826124
403.9926776000145,2720.070786778425
368.5523188274631,2979.6879778715484
353.97987519962714,2832.0208439681273
379.0795838548709,2568.957830857789
374.3445487351594,2983.960547646174
352.9826839797518,2893.804213969788
384.3481226587287,2974.0533884314336
392.4125066958618,3126.6052706703276
394.8735760419148,2681.7595110918437
366.6778056005285,2778.825584312373
352.10020268024573,2763.6602373840287
386.7456016905246,3189.613476846328
393.27616311158937,2815.214885218915
317.65591062171933,3043.643297764563
421.37623918880433,2627.1340216121507
336.75649651538953,2651.806703155995
368.7381118287431,2675.3876148494282
388.15309612476443,2678.8060407356384
393.77147463372495,2669.3445749195857
358.05957909386115,2630.3496469229985
354.8560241235218,2920.15409190473
378.17159393378637,2816.078789420639
392.1412775394931,2931.8926155706627
368.0362439309249,2723.7222807736034
356.8491201260794,3029.3567295019952
358.0517057603846,3016.3341171319635
371.4398716706145,2707.87025116882
366.9726732974848,2720.5111420662906
378.61431080937683,2801.7938946179124
386.05814761476,2451.54614544342
372.6783712055571,2732.9234450412578
323.3640399340528,2613.2603113479267
339.8486299689297,2853.756111160524
371.50865454121305,3059.4310272420976
346.4721432743006,3315.5604970656022
417.70524024859685,2725.113496205625
365.8560976092275,3276.0646184793763
401.4426169813562,2904.7677105623907
370.75509109979856,2585.5862731161387
347.4535953071617,3178.127675382755
394.4208474732042,2971.227119661396
363.56265796447764,2896.9571761102334
393.6796229598342,2720.378508742089
392.56547903612363,2932.585471021575
379.8362510281611,2747.058951321309
409.044356007511,3032.569777077663
358.20383121404336,2873.0795978968104
381.119928198805,2727.092853442531
377.008118967018,2847.8768199852284
399.4093371390321,2691.446251288227
394.3110197702028,2616.798435360441
347.32037959476753,3035.025970294171
364.5832823007066,2987.406512266064
341.1234030673072,2903.509928730219
366.04143018394234,2900.904338998825
365.5698701297316,3082.434601912516
380.31496588670717,3119.3096978737044
389.4400343366178,2609.083472256312
359.4828687633754,2768.6965426200336
378.6859753840689,2737.9565325189483
355.53069430553916,2977.561984036201
357.73432991306913,2796.237192011004
356.97103259174105,2820.6222256931865
350.989800460366,2485.987367343237
399.9184566673349,2958.096802809638
358.35945350780173,2931.166543589645
380.76124139167536,2806.9983402316134
374.3630360981337,2825.602335752664
315.5915135298856,3441.0028130924225
373.47274821826517,2752.886603712845
382.7744973133522,2818.612799137397
370.39133231554,2821.1326386743212
382.8230686563667,2947.6645542916053
392.4714802520237,2606.5855447327467
360.4903765399433,2952.205323729833
374.4001407149448,2714.929859896299
389.826785607701,2491.347766529676
373.23322958060095,2965.507502811234
376.3345355721356,2589.896349690973
373.69726342372286,3150.7805139578577
378.7388470370355,2789.651915209504
345.07563973327467,3235.3804357670483
407.15303099079335,2578.3831051969264
339.09851448987683,2843.7416748711853
408.29324209471815,2590.119914865657
380.4241586582808,2634.1308887408104
382.4440322803022,2883.0425796232207
344.27916679308487,2895.3837902408586
382.9830257741857,2821.629444191555
368.89399067740027,2620.662999042055
383.3792173511444,2777.4732168980076
338.33579274428564,2894.766643432415
402.84130568809036,2982.8502850574628
350.66485467119315,2826.1740779297834
343.5847130654869,2934.4923380741084
405.34744732754837,2688.227023847399
368.9982684878798,2767.8298112072
355.3337088792043,2834.5479626587417
396.9717172400505,2467.999690230099
375.98706382814726,2677.941910669833
391.7622155233316,2382.306801343594
383.1764010987398,2695.3695467940797
403.90849015712035,2934.7544139694232
383.9700250033967,2878.8460818064837
353.47508134880457,2866.042515765161
359.75813889507117,3168.9140854466377
356.2273228149968,2666.51203817034
409.4331238309021,2786.818986145328
376.190795772078,2825.085469647125
379.54798403929914,3044.996516598677
379.9433611813097,2702.031476753505
393.3885557659288,2990.044116952064
350.9115868522786,2527.6282854656038
390.31007613765,3010.334939039032
367.5376520877628,2963.5534172112452
386.2284426311013,2882.363122347929
389.7176078442144,3065.043225583243
362.17739352012603,2658.521160551621
348.33634117204804,2924.393318751132
367.5285974823037,2779.773174975744
418.3136050892671,2478.936079517781
344.984244601371,2838.318008155034
366.238704863837,2842.589040662824
403.08933413187424,2698.616063693462
384.71878830726985,2818.648981385349
370.6593885412658,2698.515391177093
352.78463650742674,3059.257736961544
393.0173037119674,2563.2249198934437
390.3367556755653,2973.1491180031294
349.3881360730775,2829.252125029533
407.1236930268966,2597.472640820548
382.8841387481386,2890.752770953294
389.4948194076693,2732.345035063431
348.58067065831705,3060.8862566716402
355.5210986291263,2788.086963485965
334.7260981705644,2903.722770393911
373.83124877704927,2794.48783642712
359.59368715375297,3127.428956308015
377.6416914499079,2722.4881013750132
382.01408073456895,2798.490739408632
396.9719513809217,2614.940518560381
397.18084578533654,2505.8968603358626
378.46413541300456,3047.5214087829663
345.5767888280057,2962.671492669513
399.9424310828624,2761.4685663775786
380.44241753400917,3153.218528045149
406.17520415872,2705.854452884679
393.74733834740516,2720.418213693305
360.61063497423345,2808.0743199702642
368.1173741703054,2598.257556208104
317.02415182310835,3479.211757321088
392.2723087852082,2991.563261427078
388.5996334713673,2972.173797614949
344.82065893084695,2955.210508053232
384.9176549434817,2974.965561569458
381.583261426567,2587.526927360635
396.14289975137046,2888.7923115532903
338.7426008405192,2922.499073736689
408.7035357234993,2297.254186761308
374.4714634543008,3016.060089407181
359.38622072446367,2772.130150411961
362.6225556753792,2813.746262271643
396.44915904113446,2374.1515168168044
378.1536556559717,2934.5746403809026
381.31030566325927,2932.572432982939
395.63752695497607,2910.346292236141
339.9560692568805,3019.5315513998553
380.13130053542847,2892.7598699028867
393.30964457596565,2899.6912454542157
367.4702263323608,2943.829263981351
403.9738708833712,2755.743354681631
356.9543764960601,2915.2448046622576
383.60818746661033,2780.2173970386707
385.9318819842827,3112.2065792859307
350.0363677769596,2678.478905296665
376.48005253500236,2685.953048784552
373.5759731877697,2856.598184406919
388.8485580210474,2715.683361844801
336.33192602543926,3075.7908717533587
382.5095825002524,3135.300514448497
427.93046745824967,2915.398020702087
391.80255677068254,3076.796221299049
383.4284888781192,2575.4181127271586
371.94774800498016,2875.820594137461
396.68509077491257,2546.66927691848
356.90669654635576,3035.991800808278
340.3612435732791,2664.2519848307866
377.060173753672,3000.6328719997828
377.8939294612229,2931.208054866945
384.111523509304,2838.8923687915594
351.7543696675116,3013.1119493697884
370.4259515696923,2604.8453736843176
405.0985965326103,2783.1329278848525
399.6211106745304,2753.910421991228
385.53538571285765,2617.782674514652
380.13947089306527,2917.3219970148525
352.55249000344065,2873.667237028948
359.5938155715409,2880.381364724718
320.19349625344626,3307.785618825955
416.24485085137223,2794.607924047219
364.7081000362712,2685.667405783053
364.02110842534563,2856.965589404601
407.85788519182546,2483.807462214939
420.06539287835744,2675.933061736352
355.2819134742241,2995.093634663028
386.8930797365015,3136.4184046384253
363.80630634553694,2931.4207977627807
358.1379101307488,3022.2277244043685
388.098479378266,3027.9744938360523
371.521429550188,2878.621587480016
381.73506362906784,3080.8879282989446
372.4720610271766,3274.909265191103
388.8393580921981,2914.075598685521
321.29216300751614,3339.3623870023
324.49554971934435,2983.1652661455355
377.9108288770067,2937.3369164096753
398.70010973382034,2915.633571945501
395.21587799986526,2779.2636279952403
352.9432740667796,2779.661537284853
409.16380799805154,2951.3903220762127
424.1079308239752,2900.437811741649
440.0930043628495,2605.540669660221
380.8014468943337,2535.830966379949
373.9539015851619,2735.839972169267
405.46540323574374,2749.077359487363
363.4058744870922,3131.330084525864
356.46264568711524,3180.6399209319757
345.4753690997765,2844.673782571723
366.84638162463204,2746.306235306719
376.50834436002447,2930.5738475025128
372.0470095656497,2943.8697612199585
382.37382800061584,2852.9881178722235
374.6666713059898,2864.364581300501
388.8431639662169,3186.4084271560687
354.95709358384835,3137.719002453925
374.9926758258834,3013.0671626935327
381.38160533947166,2623.944502211993
366.3791908521665,2839.907060490825
403.74804479861365,2590.4997938346146
380.3911912854123,2891.010733812953
396.41601177729257,2920.6333973975707
371.90849022336516,2848.1509182620366
316.15784793104393,3444.6326652323937
358.01746728350446,2991.6254089930767
358.61677459939705,3065.9005708559016
377.4346760595283,2973.3866326114394
381.6920786136661,2969.703054346958
384.9816256126378,2915.891836724021
389.9069571865902,2694.3233470689315
366.73152626601194,3006.528445298041
365.98094740697013,2996.408235299876
380.5001186776355,2783.9957208561336
365.34076059179023,2903.787064310019
387.1159900318128,2605.7737291903727
381.5592643954806,3053.332781262938
390.4470306358771,2726.6865780037288
345.48047163119963,3103.456517496635
389.11180742094405,2778.3953306935246
392.9042920507022,2708.516393574604
399.95370274440484,2806.4706511700724
387.8208980532817,2476.4225903192387
377.1953803350554,2955.4599286651182
386.1243586105951,2624.685364018906
369.6432102265262,3257.6490624766475
388.8397145110203,2796.5496669022314
408.6759691710715,2609.496844138921
356.48297496629266,3335.8431079522807
364.8824731334109,2919.929155162759
356.6403930843127,3041.7858304688507
388.0061368720256,2487.7705667327577
372.96851852359686,2772.3447864392842
347.7190273457425,2962.724509378543
370.6285013531343,3095.038551277964
376.28107976171685,2933.2612199284945
371.4531955996879,2992.4401781940996
376.24326489839484,2890.7325614826404
381.9468325444279,2844.938410830213
332.81186233278646,3414.9798375801647
337.7091293770548,3032.628817582089
372.7702133261013,2870.081240037599
364.0107756680778,2792.850942863335
352.6632369703704,3090.8771752322136
417.7899112566218,2860.334721657615
374.8866544375279,2700.469646504649
364.0529970904944,2982.776240239277
378.5647285930581,2475.576056610027
366.20813766580665,3097.804239422329
338.7043763056752,3073.8041457179656
381.0708019627778,2946.493448415922
447.6527500389028,2535.4331201893037
351.07672054973625,2966.277379047453
376.851716767892,3085.929392331367
378.47734175090113,2602.935342932331
387.69220245766655,2982.352389892418
363.02080047153083,2568.602342005049
351.13164374282167,3104.1251337768626
409.2844490226398,2653.57950930234
340.27689719225947,3042.211641503054
364.2338860514146,2547.915120588025
405.0672277454146,2920.306614173828
371.5692769095199,2821.580406879007
355.6919683840596,2952.856280665875
380.1543889903239,2940.902908769321
409.22224716061066,2851.070318742245
341.1676500970605,3029.43852216962
397.19140363746976,3045.231693672845
396.39672106302254,2983.5131642754595
382.3585127474298,2769.4901837309058
365.78781579252717,3331.087243742862
335.52491485502543,2957.399839999479
382.69844564236223,3247.5654001052344
383.3670980374256,2782.6753678536134
369.52863955839723,2927.806589893928
388.9525362919594,3004.110906554393
366.60659812891134,2668.996746637857
337.43117417895763,3083.26215802708
365.924160884822,2823.944324519353
378.810217449048,2902.485009538169
365.2122011599325,2981.7323553967517
358.83384208521596,2811.2854252133784
356.4847320581231,2926.778736739862
382.3372198562847,2702.418086073134
397.08189010241347,2785.195881735576
381.51570235733215,2554.056915179045
354.19915763900826,2746.4192736795653
328.6321933280178,3108.9475777259026
337.18894524599835,2722.155615579296
360.83471531764326,3093.217646675929
368.91539794884295,2849.051836131727
348.8110949481993,2925.5185479725237
363.28299249290774,3042.4489465840197
316.68085058209135,2889.34858357971
368.27957060841896,2647.7195507727483
374.4849306145683,2802.5314257967457
343.70870136113547,2928.7139663484613
385.13840053111915,2968.4851428533757
393.5332289203389,3087.955167982016
379.28445848082004,2467.1092062007338
351.27435505647685,2563.6197340357417
393.57155606704566,2546.505253093697
413.01471793282434,2735.714266434334
400.2334670940699,2637.438727977262
418.04355153004957,2628.4731603941696
321.3242495614313,3019.4836507299847
383.27434002984137,2667.801673509553
340.2404505660342,3063.646743274552
363.116034173478,2882.996713442188
321.9572348367974,3271.9014307242387
352.35507692108564,2591.326542359314
340.39717133202413,2581.4646182240303
375.0506351282994,2785.8316512967713
399.34016854693436,2855.283316211725
398.4995262350975,2933.273992509329
399.7752559166748,2391.339259872543
362.7137440344423,2910.7344993485167
365.1172514167663,2587.071355273205
384.7982556152304,3041.8921314352338
448.7814887336328,2569.195734924231
423.02429773541917,2558.408692176397
390.1495559313234,2918.880180797889
339.1301349292848,2897.2764581208708
373.2996685556746,2866.424825331453
364.9666240081936,3143.2033446881715
388.1283958369074,2811.9082296416327
378.7803847035049,2800.6158145871086
364.67297682475936,2898.7684119369524
404.040324291969,3033.5770240183624
349.2801523257358,2910.904618182257
354.46969530701375,3018.9321341117156
341.92773594670894,3064.02257243784
421.43241429618104,2731.98676035313
360.5588300880314,2916.4793504933837
376.01990361566607,2585.805264514592
365.77758758003233,2980.230272063655
396.92467155666674,2892.5279191289337
384.16852167107146,2802.437446006694
402.6110083682147,2853.561591645337
357.8306441266684,2928.478161523967
400.8610134273336,2831.756896167745
402.3923419131694,2970.725780277512
397.85668529188337,2930.74690897144
375.27801566645775,2687.9892645655937
388.98809120060713,2849.533453184052
369.3759460465292,2624.4344785976564
410.3642958725085,2837.841334284816
388.8155363308696,2521.5482577478438
354.4388856510762,3159.7377365268017
323.0111111337783,2613.6498089666034
350.83871034141663,2741.361018891111
389.2581887518058,2564.425707338847
399.2933183018317,2716.3487579690172
368.2220397823053,2835.6310802099993
349.89466753527086,2704.6982308626484
348.01815806624074,2940.690544262265
401.41688425146316,2541.334562329728
394.42996089329847,2882.943248227092
367.6119983942871,2770.8122917264172
390.771049047372,2816.1696202713924
354.02813088027045,3145.1288954377674
359.21149544107965,2674.9144662536755
346.4212942944806,2920.788556103868
395.73813688584136,2697.5207971169475
364.4797678695485,3138.267022842707
380.1654075939009,2373.27045887988
365.3641669211324,2933.4134946389986
398.533125327842,2533.687902281757
414.5389874456434,2423.488421120471
355.9367217488328,3129.258560377233
382.8024565792482,2640.961102147644
384.2936271806169,2639.202579485941
375.6376626413187,2913.0891288462653
379.7638491752815,2902.315501068381
377.5390387350767,2877.8624290371026
364.42834283110227,2587.9900479513635
363.895858156896,3187.0297063686107
363.9088839454698,2975.4340618199626
374.50065782530197,2474.055394240472
353.0616002276228,2737.467562176461
374.1183193130433,3001.434527051386
358.3032351218661,2761.294929995819
372.5575801987392,2964.941430386851
353.3099899148625,2696.7147767426745
355.43063919291063,2622.4473117980137
378.7277353432289,2690.706020134512
337.8135255313111,3048.8735405793946
379.0629014606508,2933.833556135446
385.9419023086822,2772.2645890645513
349.59416197772293,3114.2205187145323
355.12421527541085,3175.313232123939
393.1715781715142,3169.8178083261078
339.7817506578791,2842.0573427522004
368.7250558276469,3055.9247624029745
426.09736445212855,2668.619489472617
377.13193325942683,3038.0150235079277
395.61367501661226,3028.1045514234556
369.3350605931594,2839.1807243453186
382.4648095023006,2760.370979598073
421.76675068385055,2617.027644488081
374.5621483502045,2752.2837118328025
330.34864959967626,2759.4298148765693
399.1546827919676,2888.9308214022576
372.80251112456574,3087.668750239132
389.43268055533446,2238.707303746178
380.99122598870696,2535.678833753791
350.53055217974014,2857.241859597248
347.1423128584871,2830.6552652091204
355.5436702557646,3059.016945155334
364.5823198070098,2729.286448981616
349.6337156674437,3047.8674373539147
378.6338299772135,3007.5072883688067
357.04310326167086,2680.238458314473
334.7045105592213,2777.3355893047706
371.10545874771276,2920.1543336753484
400.8189642107752,3187.1843106432384
335.34285769944506,3364.2691915553705
330.428141978204,3025.331104829171
413.9756452234312,2974.278016953513
350.2504526685753,3033.3785305076362
248.16713254839692,2932.425730926828
379.0046494632445,2929.970072368316
375.2960677416297,2670.8981424584563
388.610775901912,2817.539156483408
384.4019690440015,2734.8231811368737
359.24842943464944,3064.6567498383147
405.7368207029256,2508.9506981027744
410.1390631253437,2878.11476237032
388.7969604435714,2728.119665385237
375.028432534985,2833.495416955389
366.14237645803877,2508.603440783016
370.19745319395133,2886.040093518115
385.8023581428538,2587.898077892913
377.8441337434074,2715.606699013917
357.9169980502498,2975.973485833437
363.7853525110955,2814.1469873150872
370.6013095668792,2949.0360005297725
378.7592449662775,2734.1941758692506
392.246357865876,2807.0566500253435
355.57828535935835,3166.5182911550514
384.2817041793205,2922.222173388021
355.858455125001,3024.6940747523304
344.6096398457988,2991.454415358815
402.15059926227707,3037.081742956599
407.905214528461,2354.489272308042
388.3115811132598,2817.6310496306355
346.7323881452201,2788.6259660469173
375.118895132732,2988.6937842653783
344.984376654451,2980.766956904005
393.36161800153997,2733.0335947027093
380.18834864612825,2552.3459209827674
372.181223000936,2877.343941478489
377.23520869821175,3134.02002321053
379.9657092758861,2950.054554068205
385.0024447611396,2807.2271140781268
394.00727715256994,2903.502778223553
338.57448297776637,2845.947001537395
370.9498989650447,2896.7060659498993
383.7948247692231,2854.255219424179
341.196076423424,2875.0951903236823
396.70472514098503,2970.5778489756426
367.71763166948716,2848.7323910165364
360.40794424702256,2858.136069303563
361.4733195899427,2817.120252098177
370.5156104491755,2952.9484814881225
342.88232361961457,2969.578604532085
377.34635729646124,2618.5914895246
339.0713589147085,2962.264064526837
370.86757394388235,2686.268249994257
360.7643035313082,2807.340055273191
339.0221654738205,3057.8835996411103
389.2355593638823,2817.5507835524236
364.65927508495764,2941.984169145095
373.5163406465936,2596.749823499981
353.93092692191027,2881.511643834258
356.4896882665377,2698.5091984063847
367.3442489120158,2886.5708455024933
354.54094833410795,3027.6541117238316
375.15781820678006,2822.099439055838
353.1649681151468,3052.6474292495745
371.07068135454284,3164.2211323157057
343.2615993322324,3099.3139808088354
395.88611902540566,2865.281973730161
339.2152954317074,3171.172533157565
417.03195734393836,2798.3242294300576
363.75505379301904,2713.4910688533205
398.81786484316285,3045.601538920552
405.4750908463637,2845.3419992115973
353.125627026392,3195.752421310666
353.93337664364014,3101.9649202570727
360.2297937893769,2594.925148565132
356.2582961169633,2660.2389582501332
360.58821156724207,3159.0731603192444
366.40780245179405,3098.591682089513
368.9270223056601,2822.8485980044325
356.63623909928293,2619.667523186068
357.26851086579217,2744.90252799639
378.5738592055349,2863.221934813137
373.32341016634194,2977.2627201165888
324.0026076136678,2905.976811644131
358.936435138481,3256.003212795975
370.42256591337883,3162.5554582091795
385.88934727702764,3014.156147821287
386.02217885030365,2853.871444201307
376.4854118623558,2859.7493902156566
372.3672266454972,2602.4623718135613
401.0273753451879,2443.6346243943226
419.9757060201464,2774.1902481080424
373.4486374516394,2719.5895028667387
384.30771833947176,2911.259073270082
340.3523327848231,2889.5486351099785
335.05217828964766,2899.516912226084
373.4465893149945,3037.6940067681267
395.1357927981459,2827.2702593278227
346.8365192353518,3024.170600554004
384.2935867133438,2933.171028787144
369.12398628071145,2919.326001269036
362.4629601970729,2703.4994091030435
399.7280319889695,2692.362523292245
342.59220754417925,2819.025469719405
408.68414043280717,2684.830578458697
381.5510758511045,3050.378809557188
397.77802762372283,2753.1028917118365
367.2918343013508,2596.6919117697407
385.39543268944124,2924.915274435792
381.45797511297684,2844.9192228410907
414.83141932909007,2920.9155322552747
354.5167027081052,2769.4374293775604
372.0827949089671,2748.59051425912
368.15534978333517,2829.4864843934465
354.28393305248125,2853.616673834783
364.9264190164812,2572.479436459029
395.34531012012826,3173.947111889217
345.83494065385247,2957.8070114241245
400.759195067353,2584.8057623541126
345.6043027221621,2738.1584846867067
375.427772031316,2902.1744325596724
387.41640049925485,2824.2787896102773
374.99289169981944,2914.599187723353
358.7375705411792,2999.1156810053412
364.5286375662352,3212.1946599011653
359.0227368625624,2813.808991209172
383.1967707092738,2359.8546130734685
383.7480793396797,2984.0079001849285
360.8033329531065,2818.7917819022473
427.0878735146164,2472.125577143724
411.9479914012044,2568.836081251788
356.31079450913813,2636.478366205257
363.15964781123535,3010.8711016723896
378.2607611700458,2764.302375764546
370.7046687598905,2825.6471212368065
411.25982586735984,2990.523554964246
381.1877332874467,2818.791162547227
399.1919030478168,2524.380975443846
389.3625403018872,2881.5352270742146
366.5262058125279,2878.827790863108
397.87916207587136,2555.9886183987837
361.09873356726166,2763.887028135289
358.6349493543965,3202.1992733829998
340.17684245675844,2672.881156893673
351.2630973380284,2775.075150734166
376.7358620419781,2575.711227020193
367.71270577144793,2674.208161165121
362.5819456656746,2887.958808589809
374.4999099279162,2452.3549398086357
347.6018514836682,2895.539963859483
401.7220985014505,2727.304752361439
342.33324026728536,2617.977435858705
378.459869020344,3099.1349940042537
397.98808821671327,2535.870425300989
388.92953988065386,3002.429251706319
431.08045374532776,2389.1330212894545
363.7686654436528,3042.7619822598494
362.3299483275637,3058.17135651156
407.2699219302814,3006.7790951905213
388.1787361501764,3154.6116846358773
343.61851961625564,2762.618346262924
370.92661815398804,2857.6484536197413
367.74274888359884,3050.385974231076
374.4093719184747,3226.688271440651
426.33510519041357,2516.857652766409
381.42992203472,2567.101254820061
368.69524005935517,2743.1907880747863
369.7380262655876,2657.2384904652645
365.12429872812965,3042.646036095293
338.9441726247922,2839.621283293864
385.40684863326805,2864.1198412521057
398.3887761369744,2988.491221772971
373.92091838962966,2836.708500717233
353.2038057817388,2826.9160402786842
371.0892657155434,2887.3736070595696
382.61532806551713,3035.622133172993
369.34902241082716,2632.078697323438
387.4456155284154,2792.921983620053
376.19859909699926,2840.9467787290546
358.44099329848893,2685.415470788733
352.27195206196456,2679.3056366428023
372.0055640134784,3055.115852187535
399.06791572976977,2334.3463623226307
349.7830255916388,2844.3210903204163
386.6694769385981,2578.005750890058
354.4864282861451,2842.022557463781
341.1145266915945,2810.1440839073052
360.74842880771797,2981.2712564070002
364.83826351813263,2916.6788556043516
378.2566630533609,2794.0635232800173
363.6425517998733,3012.139169821744
384.710420499882,2793.113998182634
329.4961320145818,3189.3623133125798
359.8701103973368,3068.8276153576758
373.3478259317643,2967.6049056877196
361.79998009398764,3310.854711856279
371.9237377085842,2654.521364203978
395.4253697193153,3092.795827771013
366.3745248692948,2976.4265680244152
368.07021417858004,2756.2370171522357
406.67563135217847,2789.4678478106653
364.8520506531379,2786.5956727468706
382.97137591081076,2981.6225586469373
382.7592886944919,2582.909052456538
360.5472023738878,2969.1132980699713
391.99950761177973,2897.8062817819605
398.44649023561567,2693.4205069675545
345.85883894103307,2654.2746854892553
397.9472284225332,3001.960241385823
388.64994324722016,3230.986289401059
346.65892394709374,3043.082831798444
371.77814641321726,2639.495631036209
366.0464112452819,2625.4209702946105
395.6146743484707,2732.209867632897
352.7329450108595,2867.187426877229
403.7721945008458,2607.859937883205
451.3877363678084,2809.257691134166
393.29370885615964,3004.248068416907
379.92845760554985,3181.6035000194047
379.2807464623726,2710.732377926412
372.8263105978736,2615.734774305701
378.4715188865013,2801.077664947815
382.51401895578005,3028.5370588215583
361.0617014946996,2704.8684890912004
355.48864109121286,2989.0577047168604
343.8333667213276,2961.0355746053083
377.4186518608367,2777.617156598066
385.0002805427677,2718.898689680136
377.2619657869143,2910.6746323917796
387.73838330882086,2605.519846309544
364.3597237083836,3099.16683679484
381.9458152401583,2874.849931198856
353.58093309869554,2790.546494612788
336.84434882412705,3419.082001163261
344.86337271861845,2912.136014643256
414.66383798399016,3126.9378788216723
409.8171937283876,2464.166537983636
370.4759971140866,3018.2084998061564
370.14270960575635,2868.7746814876873
354.4074477692501,2962.1593557650317
395.7363374698291,2869.2765313567616
347.164866318713,3020.8607150614557
353.1245456347003,2911.633637650283
359.6318788701293,3032.8516525482487
365.1887621565519,2784.744666485924
370.77811104429566,2960.242164979636
417.68865996846466,2692.426016589395
344.7022352588312,2853.339791014276
347.4987891310369,3031.078624478156
344.98790525481627,2670.452558437049
353.54133095938147,2854.810630729882
375.4274282601893,2652.145260249486
353.3006904862964,2714.1739405182097
359.46952379226275,3022.2807863240387
379.7524308150878,2845.400282537641
377.8989706550148,2949.9889968392645
352.0866050300322,2817.695383605233
369.8568732819991,3055.2472674602764
381.1805208044919,2590.831776562825
343.71447234712144,3097.47491295836
368.7544583816552,2793.7601845652666
422.8205673622428,2445.256233234134
364.258163503298,2874.6885060538484
372.1267243148026,2865.9594593209595
349.32600467186853,3255.845381208998
407.2018265115585,2695.3391663142565
335.3079049291359,2810.561024204132
397.7233802830117,2876.820735078977
358.7810920987956,2857.3196602085145
373.2053754548027,2966.082429824156
400.74809589454765,2392.366344237686
323.30613055861136,3107.190758529842
378.60329267003647,2770.7267177285885
336.90327533628925,2557.7386189903727
363.0984272228465,2790.8865320610394
373.0832124223657,2886.5155418410686
369.077023010306,2916.083324951267
356.0251785476903,3003.5506755292945
372.2235161402404,2547.935571681342
366.5063293438256,2922.846770870741
363.21030569960664,3041.692075037433
393.0842743142563,3147.9052025703004
355.66833354763907,3174.368780968401
377.75961707995805,2617.146208341941
415.5310058300161,2721.6774776568977
350.3931031501104,3068.8905241855687
400.913201279365,2672.355448547236
355.5779801791768,3026.561317050935
355.6885629627361,3019.7119834706896
409.1125836343956,2802.7632559333515
393.2855564046866,2466.8458913740146
395.32142754322797,2514.2821826620543
386.9916907985515,2827.6039823498336
370.5996235139517,2932.1993774490943
354.17960506461196,3101.3620963768813
377.1536945218865,2905.989153144107
409.1357105046157,2838.142246774106
357.4516216884192,2833.203423710725
364.79677077221163,3017.0209504129466
346.0049907894661,3363.527219652808
362.40687539628624,2833.431032591643
389.6424970703948,2568.898555803603
370.8295682713477,2724.5074766363005
331.99207548217703,2922.366505986213
375.43730223940764,2856.235662125748
379.4174109370514,2670.936008145181
367.0371079494179,2855.5262724041395
429.91011813444425,2363.0966337796235
352.51815144751436,3250.974530773416
393.01702034790003,2779.7185808147474
372.6345280956085,2727.6693344050354
400.32543951050116,2786.2192288904303
386.62536767828817,2645.278084913832
404.92449067613745,2697.531548647402
342.7983441059106,3137.8780315959184
357.7206155327413,3148.492007693156
400.5938831621687,3045.886594989986
397.170080512593,2783.3495887071363
393.6107181819616,2929.6472904245793
344.27276091915934,2808.466834441439
375.7213619942836,2578.9410934963557
400.7683557407122,2701.0895416412186
410.87578195081335,2465.454464278058
394.4065204976542,2895.3954124260827
349.8890272942514,2853.279177808901
365.49445619606894,2910.331703940183
251.1204096992952,2861.6845821799293
307.9181230696596,2913.506203622652
406.79036462045286,2999.6978652567327
375.23848237628965,2703.972271621029
378.2913237491679,2838.888028413454
346.23447877155814,2667.912785511878
383.9037762174572,3107.7574526380536
384.9438126003769,3272.9544740869824
403.0423667172854,2634.9401311084785
353.17513722895353,3342.4297842277533
322.433175119258,2760.2035539647386
369.0863548759133,3086.5635816119275
372.70895972601363,3227.468383094083
420.8495096394433,2772.365380336476
342.3340180397985,2903.4479152780964
395.95510322500405,2679.3971605886554
347.9259208966056,2652.9870719385754
363.62490392359365,3137.229492892613
374.8668261540372,3118.269732202131
388.52527234652234,2837.476070357881
346.5474856933394,2882.299237938365
362.3796828369931,3053.90396086134
371.21724809771376,2868.0551965197137
391.2459476350178,3165.80610109403
368.79836837715067,2593.272666079655
349.8831773163144,2915.7829542870036
345.061990121879,2929.728176340985
366.26216787252406,2712.480305817302
384.805927819904,2510.244755300901
373.9575401326102,2966.0630886750787
373.16941839074906,3011.4273683699907
400.76443211827,3122.9745818105243
399.0820987776542,2765.6492403288426
417.4832536641135,2774.5605017870857
355.31302028442866,2931.692265294342
370.7913393101194,2513.062058305166
322.5342463210397,2892.684900429719
376.1119841242655,2758.135023999371
362.3820987857805,2662.223413562461
376.77396786891006,2706.493216247048
402.0363614669111,3060.757519958907
398.5948390945509,2532.9764908900493
352.77432963326066,3314.2395479112383
353.6597515738469,2963.3668497430376
426.6488527177058,2697.7661985287896
383.7361670468535,2681.5040750392795
333.01752116775936,2485.343080110641
371.87205238264517,3029.888844733009
365.5399200763141,2577.6158488245887
371.06496634594026,2793.605877127631
413.2267723887829,2804.4666165436897
377.36342749096326,2930.2196982983087
383.9811402002262,2565.9262255002677
341.1968720758528,2952.9308262071345
380.19747539037803,2810.1164731970684
352.82075827806915,2971.804504520967
380.7530748336197,3018.718775054051
359.32192059283545,2775.632455048505
363.36002078706457,2542.975939477749
353.58673618308836,3162.6995331827666
352.7743750819477,2768.831094754355
376.22665052427254,2967.161849066376
373.4146803676046,2960.849410099165
376.4870895065537,2836.223340195379
349.9225617315857,2835.9882674206274
393.9323437035797,2989.065834421304
416.63783152676604,2984.238316618247
448.225750171588,2780.1186231120696
375.04329192298326,2910.260960123422
356.5356208517794,2814.547468280661
379.9354867034118,2578.490896819838
320.3674943645016,2983.176618024253
387.07825036656163,3220.400596028329
376.7860309840332,2707.7608267771825
354.0066837410466,2769.0502495088176
343.9449461578688,2922.356432695633
367.1080220715986,3151.2209000284197
329.96413086803767,3085.8405727246504
330.51000907580925,3411.3106473427833
398.61993213118507,2956.5333287712074
348.89490799145585,3016.6755093210118
367.66494395376543,2773.301489016916
395.22138046892854,2649.8785163708003
400.9063491483236,2628.7525658105315
382.96434146617935,3066.7660505986682
369.5101483682949,2984.206898637729
371.1917519074332,2887.5255544489314
424.2652567168455,2401.166844773982
399.74236382200655,2565.4630988813306
385.06784046404437,3254.3197798405618
358.28260240417984,2939.4144105934242
354.6759470334044,2712.1815890586554
411.9414696346541,2793.167715237789
336.49360547429774,3065.21918225466
365.22377931310285,3186.306185846764
366.20518162485536,2630.252510362521
399.8243608144246,2887.0960196665264
358.3571852997184,2865.1820046525568
378.499263111462,2770.9972810094537
366.4807049243012,2533.354354076899
321.0655147216299,2564.1831564244158
376.61753613903886,2869.3865532422474
368.03595430074137,2896.292694773113
387.22757197530404,3116.3210430204163
357.94339323349953,2949.6841158203692
362.0439538579103,2901.369196915384
363.07474724627406,3242.3808041544617
390.6420490749682,3007.574637114716
407.01909639884246,2872.8646559765252
399.6312742876041,2939.581306679349
345.15053673602984,3173.5273268702063
419.8317946922621,2954.1212862605803
417.329772147814,2728.0905616275368
339.3461937306243,3028.423567035208
361.1542374982502,3087.6933018766827
398.11389249076217,2959.931062458891
378.9085238801983,2936.4442026856127
357.8714092725403,2799.5817035581813
379.4798545688746,3028.1905162304124
414.4036697648778,2627.959656818284
408.8992171473805,2956.7259381074878
374.601537134852,2841.797732311928
411.41441614716,2682.799716358016
362.81799694768426,3177.8379598093443
379.3565254453438,3089.359129075751
382.9527939512967,2734.0777521854448
396.9791880763054,2676.114222631113
395.8449836670063,2608.913125208135
350.63250311342415,2890.8283593384217
399.814431603616,2895.225106378295
393.369298127211,2801.9151649357805
366.8050057442172,2585.221781784498
331.70552802851523,3002.315792977844
385.2170214155085,2791.6238530659966
367.91737739000536,3029.497149403217
376.0500898109203,3017.3689564356964
354.5345150964476,2708.2975132807333
367.94505043120836,2420.766658079549
381.53883683098985,2530.24834931632
368.76925729887427,2623.144045112768
367.53229716704095,2981.456449788654
391.9529367798193,2764.9294860236855
333.50548121242224,2945.798452175872
394.3277501349414,2598.6083035650768
396.6696811479805,2692.171282767462
354.5645371492025,2680.518899298301
374.8236845932051,2767.6945424715504
333.7564293806988,2916.672737640589
384.0534672384072,3023.0896115426813
400.3374364906988,2948.702839183473
378.68429241539474,3040.3555298934584
329.1349575936987,2855.401162016577
340.6944843196865,2905.274553521995
373.1394836160492,2656.735289071636
366.9664492078527,2767.920192574317
366.9701755609618,3346.888274895421
390.1705934181624,3006.814216292145
362.62738660706395,2888.9968720712395
366.84037863500885,2896.026422008025
340.9122604060072,3001.823370829645
386.39224313125396,2767.898967503715
351.517801664719,2818.5469908933155
384.8780883410265,3021.4673531789986
355.54360256315397,2769.551423616066
363.1701348867701,2638.278857251948
387.58928698404986,2311.370497810825
387.11059402259554,2565.7831774668784
401.35674977573683,2782.000503616431
389.2646727792174,2916.676863252311
362.61404490181803,2872.9643294520265
392.14438575326363,2964.675347244693
349.84135941654984,2984.631084567512
348.3060550430851,2946.869411832914
341.9694212856562,3038.282602200465
359.61836182030333,3304.945282905734
357.8567887565998,2789.3238772478344
388.956880976652,2793.0303835617474
383.8813657993346,2948.5943792546427
421.7388294655349,2609.5564114038393
368.2524488745388,2622.802716604275
382.31663564449235,2776.437960830122
364.7131767343486,2878.2802511135524
389.2188408620732,3172.1393978291912
355.65765772306844,2778.8167303424293
356.59800586964485,2810.532354586213
343.9664069962996,2551.210784457217
349.2298530887252,3357.773034855183
413.41951779847915,2808.674841770186
408.9075105890993,2797.3897556944407
350.6130857290812,3163.9621821025544
381.339937000495,2667.551018708683
390.96703376153937,3114.8668829655608
381.11414045902427,2816.502732124752
412.27027940654006,2783.587303659223
351.03332566683457,2993.5254172247423
459.0,2560.4847372236354
395.04339614693293,2709.3513845011357
342.0598825225435,2677.1749509573565
376.86547130684966,3151.622305322601
411.3326679880417,2546.920065347602
390.52453345950204,2697.118343568797
406.44781739460177,2723.540816645136
366.7118474039552,2754.8173542095506
387.25708854343316,2405.3289460101105
343.88952608951905,2814.071180124093
358.71483274224516,2834.0933290510998
389.69841803590737,2790.8661418209526
346.336879183435,2837.7477706693926
356.7806280397091,3128.593748449759
398.7667211456544,2750.5158709836805
380.08336474636565,2737.946211880385
350.89264542611124,2885.2909892134703
401.9370960445041,2897.443495775546
365.67457658135856,3242.9067612533245
363.6760860784959,2957.1916130468267
372.77457317446783,2532.869980402225
352.73448209304865,3060.1207847811897
389.6561785549806,2785.4835492360326
392.3524392521919,2682.71114910564
377.71129599784086,2530.9862182497304
390.1852680400327,3135.2746427811853
339.91339852493803,2977.37826550977
393.9206414764915,3281.881578448844
390.9848939795921,2654.834413690225
352.76631686225767,2989.959182565365
268.81315305441325,2668.3278680026983
411.9579243688839,2712.789143467177
382.187852320767,2822.256085718825
388.9067671913086,2725.1823961897962
358.191435461464,3133.0492005103515
356.58309002606455,2793.8214520482898
371.2329503452224,3281.829821006029
413.5807418862914,2770.307640646325
399.56618554447135,3161.553652789192
384.666378160971,3064.3597360930426
383.45117041780577,2488.271445807708
394.14054393975675,2634.269259630301
363.64097051320437,2760.612868163385
345.7270252282792,2984.0792589374682
406.1145900411137,2846.7973756192027
372.82095994938635,2879.3742314871492
328.923644256522,2747.323273516107
369.80946975472,2870.122735642449
352.7926794288328,2841.2215970740367
333.77521960890164,2958.3809279849097
389.769931994481,2802.3450928162206
357.1002053645662,2557.228329340125
345.9907220835508,2907.855573894709
381.899649753614,2904.996065690675
369.2339547720815,3164.0608709917547
376.5066294123472,2579.257385457102
322.8650980457594,2774.000545254461
395.59910622473154,3000.505413485127
347.0413647040664,2867.8705683854155
375.83764011323433,2987.569865601197
388.0921260061843,2899.2845618473607
343.0415791414568,2885.2405335473823
362.0298401659498,3122.5852787704357
369.8347651307872,2687.004746859661
343.15169949260064,2941.5463820044306
374.52645742999914,2666.015558668072
362.68502051063433,2773.227021965394
395.0625290251071,3045.196163788862
384.8037425638163,2878.714899491878
377.0478560857716,2588.2636580895096
382.114335112951,2869.055357213172
381.4432966488938,2748.3762794609
358.2508374222717,3000.879691950175
392.2904046934574,2648.4996856896923
362.3005604376615,2992.2670918065405
368.15799627541793,2742.1296951264285
370.7887298938726,2653.4148112430216
387.925788364644,2892.1931157736267
366.6764921092931,2608.92263932358
393.58238645237526,2844.6947572324443
354.35560107815314,2758.2704312077117
371.0652506467922,2992.6757643917517
347.24579630401934,2644.9148639290065
402.8901523198337,2621.770264022386
360.68126628421874,2976.9843326930486
386.18341096756086,2998.2708424991465
348.0135303000745,2934.896970610325
375.92635686084964,2334.975447179597
381.49380533644586,2808.953649677298
347.54894739789324,3224.887442855759
349.99406821375936,3051.341764411317
403.78605587990967,2772.9827845654963
388.9891934011002,2543.9757878344144
390.12929120557226,2682.0049993813564
251.5842177200197,2910.4375160731047
390.62896351078064,3105.7190220827915
371.2546664703858,2797.705230965011
371.91756007709284,3230.1334979195008
338.2600170101008,2839.9006860453674
356.48602286113373,3340.3750663896476
368.86295616381364,2838.363811167646
373.01001504557416,2814.8456917377366
393.92814260465417,2465.943742627328
390.1770151029443,2876.702359037137
334.6718951165522,2950.036489987137
347.2112453585231,2895.118168314856
348.69303758844336,3181.915660495893
368.5575400297145,3274.4928277319877
366.0741683980048,3038.801111959547
400.16699311506113,2792.4589528584083
380.3856082426324,2749.8116891806208
398.97493086807543,2531.4472513943037
389.4490446166847,2875.6114526921074
417.8375265307824,2813.336942687129
365.0927555547152,2855.975496602303
363.032894024696,3128.4905366618127
398.9045013978727,2678.8754173020275
418.20831747353407,2519.794048588149
386.4551706700077,3081.068897963043
348.3750624671312,3039.2248298437958
387.50192538638396,2994.6646300534167
372.6283208293507,3027.0587511043896
380.2746241894475,3066.237783445153
386.7910374449872,2809.221194957291
417.34126441617065,2858.842501520412
391.8870513653608,2936.0068460287835
372.43072745834036,2861.2898497112733
388.7997622078365,2974.584049118985
368.74365706027,3008.855543029369
373.04761409383667,2841.1611517511797
376.98844894975235,2704.693734138424
384.6324912273007,3030.053538212751
420.0190452560137,2888.4060556306567
380.88472276456815,2662.529609830166
379.7377093751706,2964.3997729670973
375.7992277590604,2705.587676610057
368.74164172434996,2972.962603306229
406.99990927938575,2285.010170103657
353.5358404765368,3137.6102560227837
343.1545674427232,3067.273006057227
407.95227479836024,2761.641451021513
392.16996692273216,2442.2761071191667
382.21489284683486,3019.995317502897
418.65261561437217,2518.4128370997496
365.6981709141485,3038.422004653271
353.04017169538787,3010.142305391877
383.9855695082547,2663.7971943104044
404.1417886655584,2869.1832691606337
363.72706483642855,2748.5467861217066
365.9643323102528,2948.5228325574544
406.11593111945837,2326.076337470417
347.1911199776115,2921.7693126879053
389.2916476521424,3087.207699498328
410.8425850472332,2671.055817287332
365.437374389019,2814.6921220567274
390.9061641958879,2774.8742513497027
381.34070560951983,3164.9796797833874
361.6930313159999,2869.114883544223
374.2126284613563,3004.6468006252026
369.3025606441756,2894.105384775881
395.7682528636756,2651.750006398927
374.75064926768476,2558.294663497053
332.3959603837465,2997.1065839466332
352.37577177620653,2904.9838374062983
369.50360169484566,2871.0553251060887
347.55093010255234,3148.6617297438374
358.68438613254784,3140.4601301272223
388.73042333465827,2881.04652392806
374.8441989873886,2969.287347656485
356.3876560970596,2438.224152052535
310.949447896501,3121.3786185107483
367.14496988244736,2925.2500821413787
398.54671212540006,2730.1159767814715
328.23095829126066,2874.965320695625
407.2762654008693,2486.928821678631
378.41599587898673,2763.380380687558
344.0360400136052,2884.5757598081373
387.7629240026902,2629.0604837538017
358.42899898181213,2817.7964179130463
342.45623632311464,2802.8018691037983
407.3890742491308,2882.6904331631617
392.39930331013375,2648.9347209861435
385.52998035161005,2773.1929354488075
396.2240239689991,2540.811147513882
376.862945766418,2662.679557070005
355.2556244939824,2979.6571302617003
393.85848602059724,3144.6667888225893
409.2238783815528,2777.376648539232
369.4820552307612,2968.45603317087
356.3086692172613,3146.9686070701337
363.974314601272,2727.433220814813
375.56005037361916,2843.1491430043097
377.88686548040346,2653.69333419827
388.18530619916834,2803.2778614355907
404.38919480705397,2604.6508839101143
389.45138260024106,2642.3817023002107
391.8819857771176,2916.749317227678
371.018681891618,2715.6210894287265
365.9307396587417,2900.550861212508
336.58427733984365,3179.7008260617167
363.1313439075989,2848.419618067111
427.709885118217,2602.830800317073
348.6793542224978,2479.171705166717
389.11771177216116,2375.059065427576
382.4792233068074,2812.8474808182923
393.2526585778234,2941.710980962598
349.2366960557701,3128.846042236189
388.97983011412816,3080.8902319444273
352.04835775858373,2679.290873665106
339.8936172577284,3091.161153788344
342.68588909679187,3132.4459193467046
374.9094718893698,2788.5756798559764
373.7438348558181,2915.5796648590867
358.76835060119765,2650.465824856332
322.4636607749913,2888.1342330628227
343.878286157481,2830.820609361996
369.6164389994447,3116.1419493319722
359.7218408692354,2995.6195821460838
375.40173763169196,2947.756360694332
349.4969707360205,2937.031033596883
341.8933317290625,3126.8284527716637
376.9668989006551,2773.310149346184
400.6690543219766,2576.590348580537
403.7648155520514,2676.510916697279
358.737734407525,3135.494289112939
354.19295669063393,2823.3942448345656
421.1563034190409,2788.381228980485
367.5857955203878,3307.1352302780488
367.67976962554087,2658.823678152441
372.6759461342132,2925.3415577898804
415.99135402953215,2670.8860397683115
415.43093802170563,2589.2612805234703
247.52161576357963,2943.8167704402904
388.41897481407983,2803.118473471319
406.4355719086233,2430.7026054084445
347.26939508774325,3092.2552907214726
393.3391116987191,2611.7770995603914
374.29623974534286,3015.265623932207
368.8887752406082,2883.129134894948
352.2960145770176,3111.0979131008753
357.8694047589138,2888.3663246579044
386.7870559496853,2868.546535945872
352.28881086173004,2961.55535928467
390.48282913042016,2871.011630080339
381.38158089768575,2924.811276874403
394.1181372717212,2862.4006373945367
337.9349488925813,2547.395226733908
384.4188105279992,3007.4208840460565
361.3747766320577,2862.500673222663
335.8542090908944,3028.098814242348
371.19122709522674,2900.278554309858
378.1718627673592,2667.2963007085673
385.0670005810875,2876.9262084645106
362.7048878747442,2867.4104879140605
352.096062931858,2482.379187250076
369.97580079570014,2886.488305515264
370.1338370248297,3128.2357264322827
370.26465924276727,2458.7060588647323
366.04766423776744,2694.127622407427
381.51911802355545,2914.3317590815413
435.00390603134247,2682.923562254537
349.56321356751494,2934.3763921189848
363.779038491429,2667.735419738023
377.91540507183646,2737.830069798246
403.6238471650637,2891.746614795564
409.0043427893837,2689.609214339663
368.08106525252464,2888.873189800661
417.04644495935725,2945.434589569543
397.91756279092783,2883.5922286920995
380.44980954381134,2988.3830522905573
365.72564797355767,2702.5733537845576
330.2622865828685,3031.72653707466
362.2288505881884,2570.546653144086
346.78829056133077,2766.638985323529
384.83286178920713,2994.71016483632
317.9546968031778,3206.1255178746887
443.1544025960366,2939.2664953609087
377.3113204735509,2761.2193095558587
377.61049762973465,2686.6635283326395
397.12814607815596,2908.188285764755
403.62753434745963,2923.6993553359807
390.4878165591269,2680.10572296816
345.9556497568773,3116.872316329781
353.3687932328229,2826.208119302152
367.0548787168064,2873.9298591739384
353.48079688214784,3308.825192540205
385.10463741674994,2897.6345360904656
407.5299052471688,2659.7693206595504
318.2001678904483,2877.834111084991
358.8601117929354,2745.3281934579745
375.0869223604316,2825.487218560769
379.2905375691085,2921.156882356633
353.84325643353066,2998.530530602652
356.22666661604774,2897.5608499259556
396.0186858882398,2776.7507411277143
375.81436458542197,3048.37196149098
332.87881944237995,3245.5383541998494
385.2688334856174,2816.508163378116
340.86850398317495,2565.61604061653
389.0122714304914,3056.839829857173
378.6160199842585,2616.5331072038884
388.6183531583954,3039.0482251504595
362.4098542965184,2906.859084927406
370.18265971242494,2779.215666879627
374.8632605670928,2805.4608179048005
381.6513801715194,2801.14097814768
360.6591907677035,2711.1102195737108
363.70260557974166,3007.8513934661546
390.4183170181833,2319.6080792735384
364.20543170514014,2953.834919700424
407.7880677113025,2645.899316755308
399.00885827669913,2898.6593974523134
375.51005835365714,2701.190218989649
398.9006377997584,2735.630178539562
380.7070733833985,3086.309812654068
340.70072768198406,2842.2650395722953
372.89140558881826,2893.5545602530574
332.08180013042005,3040.373058942391
370.4775791601738,2802.3651908280003
367.5219445622885,3036.6228496711674
368.8004054683603,3192.566988446719
314.2307316444472,3064.3772670816675
367.4927789672931,3051.270103301643
364.50931285723817,2678.8280225939357
384.26983313177215,2867.453513880224
347.51357446702315,3082.8680579390216
410.6521456185726,2775.8638838304805
348.5023814662892,2972.662923201029
383.00097897014535,3036.864317751465
371.27872653042033,2980.644804827827
376.0236504977336,2866.317870672467
388.4412521186882,2777.7992240651147
380.7473129836818,2638.946611827393
382.9258392187732,3110.233443761972
392.96731757543023,2413.8773130783284
399.5432963005938,2752.1608655715645
389.5799934935057,2662.2977122421275
363.2089859952704,2686.249022946527
345.1500419856833,2956.499618086872
377.6695596560076,2536.874445918693
360.1517735773529,2742.567081077716
357.33068663867965,3152.391830352914
417.9337647541081,2404.8860262929625
408.0818564495377,2603.113631422641
324.69220744884376,3359.9209685079986
382.47131395037803,2498.995721901647
385.10235781082565,2825.527680264504
412.1685489426209,2729.0248733307626
365.250738204702,3041.6876840372497
382.62757665749086,2798.8059654755657
357.18652771076154,2427.729052390021
351.20367482453685,3124.213600725812
373.2526842493959,3010.0381417537988
391.3917862687305,2914.831639025807
401.6345420619245,2687.4832913554405
382.01743369854586,2842.834797364525
384.27776813262847,2807.089050586321
349.3975369254206,3207.751010380387
406.7512426281952,2512.2440513031825
370.3419767408632,3136.6734546219955
330.27121197733294,2975.3097788529963
366.80601803503794,3001.267156480144
376.28463381332085,2617.8873142984908
387.3453387474517,2962.10683528906
374.6495115964817,2756.390337944909
351.11747550539286,3129.733075916106
366.74115558001165,2931.498545931431
379.9137557632777,2999.522038969677
361.78842672600126,2903.123061948905
377.12053548594145,3017.8240177712073
400.39763525259684,2427.16265338366
398.3017350447149,2533.552270670107
376.16694031111365,2733.8114331329048
366.1544019246229,3090.0028958923
359.6057990461045,2904.0534447805103
337.82826034868725,2855.8193229322665
379.3962250240706,2991.575522525592
371.7954113881825,3182.564458899052
364.0570066302098,2827.4994583465864
384.7966658036969,3101.0147648677844
395.1483613061509,2892.8569193155445
378.54309947923707,2773.794440587078
352.145235798726,2875.5178473074416
362.12822151658133,2877.254137615427
370.3616733325662,2669.3809276884576
393.73787439999626,2760.7109510869777
393.99531711632306,2811.349131317848
380.0905533666812,2695.8584811714977
378.36436275391367,2845.2797228492755
420.9284582501422,2197.736836720379
355.08842839773524,3211.370112555175
372.99328350650086,2371.8186335179644
364.79819421176217,2822.65822070072
379.3277557736225,2660.6689004721384
361.9917836824797,2726.9524235641525
348.53101733046446,3336.1540770352476
341.5923361083095,2844.0656925022913
399.3045386900203,2762.4384223596867
391.87127996161047,3238.104384121785
384.1212188398505,2597.775091979353
379.0766972820046,3085.224980146239
340.38743574056195,3307.4528144105125
340.65555366063234,2766.5403240916967
377.7418392413445,2902.4031456133807
320.2400016226128,3194.396886188957
346.08857968467635,2694.926770235577
370.48534155143204,2989.7149951252068
341.52183610225495,2790.247019239926
360.0877860529328,2760.03835386792
361.90693101674464,3092.014907685899
380.28574320779677,2676.674100642925
371.10857337043745,3165.2857824486364
377.2193232870713,2996.4707785506544
367.4371786367593,2826.8701973266247
365.8962454289222,2915.61403090859
350.6693818659024,2912.696000529109
400.12035271878784,2665.8765653805785
381.80790811932775,2813.315935509583
406.1694923948918,2381.487668418199
362.67371423670335,2888.858256685642
359.7454147732166,2936.33013539797
348.47906777270987,3285.443656267065
362.10195811130416,2757.653561996543
370.53420935377164,2944.6690705069927
364.6542397900157,2847.231908561429
389.16773523791306,2916.9842631336405
385.8490770916293,2808.061296723701
415.5806212200261,2868.415255695297
375.99579996438064,2351.2327787736403
385.1859950199837,2490.8964207042864
350.3659222392994,2828.2739753103942
388.12558214274736,2522.4323270162377
384.9838162851128,2995.1658620287462
386.544863152595,2590.54911602798
354.2531274197824,2934.735618809915
365.0282684410541,2879.0413917531678
385.259657376701,2788.9965429222693
362.49279083811706,2902.527438597857
377.0573027677997,2758.1369064123555
377.87732697164535,3188.9974112573345
366.36363534488817,2840.600703345169
365.9006672284254,2874.1524844347746
394.6368499309056,2861.8501581714104
397.43457868738227,2875.914851354238
362.1023815049805,2790.1215437412798
397.4537603458594,2345.460561087124
358.527158015618,3080.46428345568
409.0453975751616,2519.5562314220674
355.3937341255045,2830.01031515913
379.50144250051324,2872.4243128938274
363.91511124870453,2571.9440691934296
368.86397583344285,2828.9611204205444
366.66416245770034,2591.556282378757
329.8267199614976,2927.242298945028
407.90620269347517,2542.2817481665106
374.55278793316603,2799.2878118334033
384.8517683844232,2818.036064115721
351.6046367528901,3005.529872852653
367.1020362890069,2919.78948838132
380.00256695405227,2843.68007891508
410.7465300076154,2554.197301029465
416.6098050487535,2850.665379709781
344.3930738023787,2976.137332460269
401.7741964951683,2878.146018482605
337.28691271250614,3214.7789154223315
384.5677973715608,2785.888742490652
393.99214798759283,2778.8198873315387
378.9877222004551,2895.6073056230684
391.3385516814868,3068.1444686231075
368.0807029116916,2962.0931469220313
393.8492672780236,2840.3168647998573
398.5314369700337,2719.4882333252035
371.29267671737887,2905.0598779049524
389.0732071881831,3010.6227975095867
398.3801955376449,2853.077917078896
353.16175761325997,2880.2176495175127
383.9531889463098,2752.470239850256
369.2036144696285,2732.524414086966
363.3574811933231,2837.5251100156
349.6176253721679,3101.078221480036
372.42310629587683,2511.4311618140187
359.9752975207814,2999.0050666397883
359.08500724498083,2853.792780742549
230.4311625274634,3152.014604979388
335.7211983013761,3091.3109850532537
339.7057527879616,3159.337091557822
390.7600109119885,3140.298361276073
396.05627349439897,3034.5730867418897
344.00264350923027,2900.538806220337
390.9069401822434,2806.241654863653
397.17835059298386,3091.185351882533
408.21570981180224,2603.587350018661
373.1490269410437,2535.6364081171123
374.4425043674816,3089.948697344859
406.7853205360846,2960.749313333881
397.59679874009817,2670.095422773324
377.30224676833876,2803.359280287682
450.8995040203001,2661.19112423424
387.1213032900069,2650.435698491951
383.66470219246736,3204.014750072549
356.14968060360115,3240.639117640859
392.2951413635395,2332.6883284469063
413.7984505032745,2689.052139560725
335.77823883410474,2732.3431507678633
379.9408754462329,2562.4464890775785
394.15476508062795,3019.0984341748244
379.0985734629537,2638.595922554684
403.27760253362646,2863.1449514279493
342.3931910069041,3042.677030668385
329.1049624322896,2778.419222163876
349.6126250894023,2843.5275625849767
389.9001161501423,2891.139949646849
416.1708938777198,3098.8686370985924
349.7710646190786,3104.487813399809
375.1829531590139,2999.767758053325
371.52642234906784,2699.8851637860844
407.69713255492485,2446.644494800873
338.29309715164965,2660.3295805220637
403.97539828618017,2736.3900158363585
385.6532580522914,2615.448120639764
413.01297528237586,2748.5513417092484
383.42488841309563,2667.229223804605
378.5613817906295,2753.5298911589043
377.07406291760043,2782.062371768275
340.27334452252325,3012.7365384307727
354.4644815828753,2913.940243816871
370.3178677143546,2648.825974603579
365.37619408757257,2881.2068932564757
390.8838258900115,2626.228462890735
376.9125186153541,2831.925407918689
385.4464259446838,2949.4929884973217
387.1532191105488,2964.627190798499
353.1586125875363,3180.9608963082433
372.6250749678301,2980.956526477748
368.60055584744,3006.219609618525
366.45354355398825,2862.165490963703
388.6007832213495,3017.466408242513
361.37694790281415,2747.940342768731
395.4292989871924,2914.067652409109
389.88096087918944,2341.892924764862
387.646494603367,2791.523697957745
404.7461883991574,3013.3449798704883
375.1645423284266,2567.6213426426634
360.9410307259851,2813.431809336736
417.72540814434564,2125.5135006453993
427.15249565575346,2862.4206228097028
368.86613255974123,2773.8275105759626
326.18945192354664,3117.2502086232953
367.8718476146917,2906.536957256553
362.70634171549074,2769.7311367349294
361.4873033092962,3303.442258350958
350.9339446118344,3043.019139625301
393.802776931417,2709.154961060933
362.22955117036247,2796.7684853412093
402.75537528228006,2985.1263120626836
399.21612488112777,2664.7541976339003
380.54431477304666,3022.640120931854
429.08106430917604,2740.5080417572176
381.10307469302285,2295.858082554646
390.70785984555886,2781.361908065851
377.29708013421117,3068.550562859944
372.14322894286636,3074.1245466702285
358.47211882027136,3116.436189481833
394.1625627583822,2830.628284521246
345.0313624861043,2740.6753042323003
348.59701709215005,2842.555589442978
349.3804365036776,2907.00068420992
393.37311153210663,2908.3424683172493
374.7752711646047,2817.689575658716
396.90926792734086,2881.624207106841
380.0564625070902,2894.1213548503792
347.5302027076851,3121.886556351849
385.6076991106868,2759.751862829311
384.30648974172857,2758.653634166461
388.754291694994,2883.745298200398
369.81262432040864,3014.820731215013
350.5286241629863,2969.542097789248
393.114238990569,2774.2815604656416
360.21709899471915,2950.9057553240937
397.0339842697831,3027.760720023606
388.82754765940916,2928.0542538317222
392.30548509911364,2928.9368795656105
376.35870833380477,3029.31271736795
375.4482917205063,2959.247880555897
386.156097924309,2498.6898686990357
369.00510377008794,2937.240224890398
354.68379974851837,2914.111292035391
358.17566073240977,2756.9993227860327
354.48905519719705,2723.417942293197
377.26900626399214,3151.4152196320642
418.3572817466715,2592.741803597103
384.04651342117495,2890.021997053616
361.15178710830816,2801.2150955738957
366.2012238034011,3052.639715982782
372.1846496153772,2856.5414158277954
347.98496516906715,3122.5113730575445
354.780499220143,2931.627774775205
393.3437773297502,2616.2949361929323
412.88364924167945,2533.3572759744857
373.60984969843537,2699.151492135813
405.54953986507024,2832.0060180409255
389.3882979852951,2953.048373123477
345.0050912893166,3256.1607048434057
373.3674226748954,3092.3737531711517
385.8947970481845,3103.7537124503115
375.26481918182884,2640.4496050864395
351.3210263436954,2698.6275918110305
404.46647052983565,2889.962085994417
437.8740857836247,2718.0444442139
315.8862366054946,3270.0530212832605
384.6594447149597,2540.366434242335
391.5093802879961,2894.4912203599824
361.7428018119333,3028.949072771973
349.6778066349704,3337.416727240379
368.5786524996488,2864.4547697706603
373.13188016561617,2822.6691580580127
400.4077224443302,2908.4528779004854
358.85479945885766,2951.0109513106604
390.87324790382513,2858.124735444384
390.45912856330636,3166.884666934681
366.43392513531165,2866.6744068274543
361.095474442145,2583.0320483560304
419.283103154464,2687.725336456072
393.74862299338463,2762.322245719568
373.1258775262438,2792.772271193466
377.8348033682778,2764.298397070844
414.3960626324008,2920.2353115138067
385.6496035257885,2847.461164913507
365.6623716247841,2669.694391572207
345.37172676119934,3011.698017256417
386.3515974860836,2696.0418033186666
372.86471119024543,2615.060120261881
366.9768460343212,3044.8169070033614
363.39293852185006,2881.027251114051
359.3386357023999,3083.731694666473
378.2991594778279,2458.2206916051155
388.29180276560203,2960.1035285862818
354.73923908459506,2709.6156746723555
313.89969933749063,2899.3056553737047
409.4527324028081,2520.0529883865647
389.50836358425363,2637.90551683714
381.67417260029146,2777.5316821736387
380.5940742155545,2673.34408755511
370.1668160194618,2404.0261373920503
364.3753882744412,3201.063432323813
370.5616627827826,2807.599647731358
392.1417513015333,2958.7232037754134
373.49910239903716,2867.545314117085
376.52374869885176,2881.637301444801
399.3484198360629,2879.818486223885
381.4463176145668,2563.331276239621
435.20747299609843,2013.0
353.0334993215323,2868.2497951394457
386.91362810638253,2625.006257492067
366.71164630334727,2851.645567873054
375.1383649423042,2699.7723990278923
223.0,3259.6355017937603
382.65372156753057,2741.8169854631838
365.40273218457537,3042.1803148981257
410.36618645962983,2574.307241190605
380.35343548622734,3019.649123393464
391.764754129058,2573.8556040171225
383.04702493342745,2647.1276146052687
382.72729125034635,2760.3524309728577
367.11966839682543,3140.785015702456
350.646179658121,2732.297080698318
359.6407735120635,2985.4301469440747
393.8421992867076,2826.1545768200444
382.2618407061628,2678.948804726204
383.5513698170989,3032.6300412235305
383.5375789809639,2972.7500493896105
407.38748769042695,2545.1054000970316
353.8847460012063,2747.467428540525
356.31565611813346,2739.69011186945
403.13349166450445,2943.913918568588
339.730994539417,3017.745071068837
368.26959702485647,3037.471531524258
407.3939397258117,2772.137559663391
419.7447991098453,2355.9673237843217
327.90250598754534,2964.2667122408893
372.08270068403715,2719.414827008995
386.4545563380242,2540.662781455091
377.7877273917375,2950.3465790029054
394.3194270245575,2947.768616004334
368.7271034784903,3001.015648881917
393.2081775185431,2939.611284112969
366.7626969263822,2745.726631625191
336.65671993235037,3082.019721548173
405.96447857956184,2711.1272235162305
390.0589374835507,3066.2449538927917
376.493705447777,2967.9888575713976
380.3771369466728,2586.0652347913065
405.49073149596495,3087.436148763751
325.0796680511898,2659.335967986409
351.39201814427287,2834.0356187713114
413.3861018149454,2789.377810817381
340.5078140809507,2581.593005467429
380.8975278879499,2908.576044861427
379.5735201400336,2883.2720410407856
357.0591120784764,3222.5776186633984
358.77897345148614,2990.207300812359
386.60105620926385,2783.988387292902
366.3198346794751,3154.733337725045
388.5532022589389,2804.9657138330426
388.61479476324854,2671.544118391951
342.89779898953856,2930.0141228422704
387.1041126611752,2459.516524487739
361.4948914559878,3320.981887520934
406.43244792252005,2605.476750443474
401.8416237925898,2942.537239551668
414.1381857428572,2811.360122525944
381.6158766446337,2814.3012307945623
369.26851070381514,2980.6713204130865
372.6753630273587,3178.84291826286
382.09712431134943,2860.3045667881565
335.5881760450231,3092.041157569898
375.8741800420413,2945.020450693954
366.6709330825059,2804.912200144945
397.64462178308884,2757.980895657974
376.125537315896,2621.3403457341656
370.451858633516,3125.750435071151
365.7868942687925,3276.8557786300676
384.6192951363466,2931.814477071261
339.48860798727435,2724.8612094737664
401.4658002689603,2886.21368894021
375.0008706311197,2971.681265481033
373.8448356561313,2676.404796244723
375.4770001712637,2699.4323904261137
388.89827229165564,2673.852867347065
360.70847140730683,2995.72569599154
366.5580515481869,2734.933541314665
343.9064710137526,3284.2724903351423
403.39461012204544,2804.3629577652337
403.01925188436775,2824.5020770802694
380.6914877085369,2816.4347423717686
354.9724248245153,3002.594083389495
371.29081199511535,2888.2142090347857
354.2854895632438,3128.9213631055113
373.301847355745,2640.577354707228
351.91107889025415,2878.216034543315
351.3021236251515,3174.1637589033667
387.0713405501442,2429.047409562925
355.8316150238318,2628.6585970728424
358.9135654317421,2636.199158213265
362.9176772925149,2943.1718459481513
367.15914300544785,2849.4414015740035
355.3594597546309,3040.949195598779
374.6004156727241,3008.8268266620685
395.5229374716885,2633.902682000015
361.5179530112058,2969.232323813272
372.4623676864517,2862.421620208535
380.3625798607682,2989.596895251852
364.0368650311155,2448.044176119837
335.2507191183504,2829.3963804127184
354.1931040792749,2815.140889159279
372.40314711947786,3107.864994639677
412.378843347776,2771.693121767182
402.4069418480625,2916.18221172856
378.82561311772406,2845.4935784900745
370.8687891805187,2915.392690121655
405.42833643044787,2691.3324355965633
374.3838593031915,2937.8129996978496
364.77263113918815,2989.961677931124
390.65272239771554,3005.2935550579696
383.38488215237913,2882.2452250404854
382.2413008038078,2813.781241938536
391.3039179963786,2595.871226645389
317.5726150316776,2793.063359096012
346.9644387698812,3030.4965379716223
393.77180920875503,2661.939632795282
355.11750451137175,2829.9319108636273
360.0156352244996,2603.571975725097
350.105210557228,3048.9130207896983
377.3919321528765,2816.6583389704742
329.11313781437104,2906.102309932319
376.9626717646213,3080.2896320400537
352.396531328438,2687.052095276279
415.1823358376143,2765.36878116293
359.9245951641169,2638.922468888193
390.9454880660462,2782.789962557638
377.713145917335,3134.959783718881
396.3313613923235,2837.557544576291
355.717122158236,3185.91739884382
400.2906847469457,2578.6116247608097
381.77238572445435,2530.57981534334
376.05135684391104,2864.012779704197
362.31564788079595,2763.5356735438563
309.41929164836256,2968.5276919218877
336.2656456022014,2560.844741751555
384.2782132960618,2650.666239666585
381.81915457430716,2878.4350592314067
368.1290523876625,2644.872474631975
352.58435092579543,2719.9195059067138
361.4505028729203,2712.3662874951915
354.74175721386683,3028.475339525563
340.66614517969487,2723.5569761562656
388.68513926792895,2815.455376512437
392.23748515691085,2954.63842622244
422.3050351600866,2915.358012953172
406.58037299738334,2710.216089707144
436.5408419860077,2572.777091039934
372.005922732683,2996.6516704233736
422.7737672909986,2789.2477649931952
369.5679339839586,2810.727065591917
379.78353745746745,3087.043392073228
337.2661868123755,3014.727578739024
343.0569012516965,3475.2804972252893
388.47077481695123,3199.8163768112654
370.82741209975313,3067.684448030041
388.86596420608026,3018.252675719703
383.00723962258905,3207.92975523472
360.8877675023362,2899.874484853177
371.7135976976799,2480.376407307363
399.8466977210069,2765.485985208549
362.0480955037349,3352.1632150038317
381.02812158128035,2674.128576016468
385.41973133783347,3041.3339271809864
354.3909290156003,2762.529566023919
390.4640589590423,3062.7775866367388
349.96074880133375,2976.3758104019457
399.9848054769831,2339.2789571485346
391.0019771715413,2790.705548404469
338.97714882160216,2993.779989269861
387.357427269945,2955.714795854243
354.6632458242241,3101.428334736706
373.6653973218185,3100.5328258558757
356.50423309998075,2642.007081911555
378.7391648054021,2801.228765740277
345.5978698013078,3180.7171334059467
363.4600699686856,2556.488609280536
389.45771925840734,2485.430136332734
386.8799310997936,2936.763322851576
353.647110771435,2779.334414463848
376.71805752821473,2577.084795793321
377.66587439560476,2589.6976488798937
372.2799888176918,2938.416893203105
422.6126820710332,2642.0671173929863
353.5450273572615,2953.372144124803
361.2402702285551,2871.275760464848
378.0738998008938,2858.135516301428
402.07265053002715,2794.449345094925
400.1941268098851,3206.790335043532
424.85178712555086,2739.7302709279584
376.6657438416809,2943.0221062718956
370.01011510041343,2668.1375207038163
348.20912326428584,2741.7075254415467
369.7219680723017,3119.9523870751336
341.1100431070186,2864.0187590366377
352.94468308528656,3133.7186326084066
364.78251649841,2502.5768027926115
386.90758095064336,3012.1921299854557
362.2091092924043,2970.6391865219407
386.60940917082087,2902.066012088708
389.35093325610353,2765.068415946881
367.15376742579264,3096.1567166258324
368.73195328654367,2824.454895348663
381.278406468964,2310.603598445707
389.98500203499816,2516.693505425917
387.33809334148316,2774.626361197068
362.4800026889878,3347.8252822378595
383.9410549239258,2400.133626175051
414.604955860675,2642.157559962567
333.95944225576096,2865.038023412933
346.6267371308608,2826.5672614700206
385.0926784312465,3334.6281204437464
382.7459354073191,2794.3425724221306
334.989531522102,2745.837847553173
371.18557050331054,2845.0826678769427
363.68142418588303,2795.711756989665
383.05206514028913,2935.879875092788
381.6413112786639,2975.3681800159825
372.12529561792434,2784.756924405457
413.26064014490026,2550.893633884355
365.49604490751176,3080.0393997117512
377.248927679303,2440.5511864752452
375.8766200498884,2758.480150570885
358.7247220208885,2957.431785663964
357.327929659447,3017.491580949869
377.3059024228588,2859.7991463200538
373.47752930045283,2814.8913340664776
371.51971610905883,3082.6955891213984
396.35656505062553,2946.158309425984
372.73568569919314,2887.299513492545
388.7969448841118,3330.4420778284816
410.85753971567704,2701.012589478214
388.44465971568985,3143.067864372864
387.3970392477647,2939.680694046501
370.8473990330569,2859.5340578790565
376.1995510454425,2720.326102282172
370.00559390635317,2694.836873309363
393.4807444347142,2676.1816779655665
376.902951391208,3047.324406530881
372.31296315794975,2750.921350574993
420.8241673644976,2887.963070505128
383.61559970575485,2893.337328040903
381.0793319932957,3018.8957000715614
350.2208651794612,3214.829762314757
360.75513026298415,2989.494506286424
404.05405738985917,2826.8197464657756
328.28429458636657,3050.1464560516492
415.0914355909382,2960.230115642761
398.0340832096439,2523.3183880409947
369.3881386150047,3225.171299123765
419.34435166520296,2750.633299615513
376.15114130234673,2883.471373852433
377.758807764111,3360.628281491564
327.95854066601305,2797.0160623291645
357.82383855814635,2611.878563602565
393.05986271722384,2621.090752547049
394.7828320540229,2667.920323036406
350.10403324782163,2995.286139882381
358.27844733695457,2826.177992872957
371.1850517755709,2655.0251892229862
358.27738022227004,2709.998742898125
367.1444450167903,2987.728872987253
351.15305783421417,2858.739842377724
349.9270988647155,2833.5935193797527
339.550524712582,2978.920291566963
359.34735334524663,2983.4349040301513
406.28285358855453,2802.95385309272
354.04589885295854,3207.1120482845313
362.37129555428896,2952.867287738748
372.0020660049218,2837.912969557711
391.91979882185683,2819.6021502905205
396.50013688956636,2886.98443512757
375.61568331588614,2959.291547246325
383.0366620391363,3010.276276010749
386.92215424721496,3089.5122614504444
387.5664283515956,2978.5678260914337
384.90461126915,3103.3758613110053
384.2550723061969,2744.916065175629
368.14946118983687,2710.066513367252
349.0455824411664,2775.4590593437433
362.3694491995862,2688.550693492651
361.60778433935616,2687.735398043174
310.31711759949667,3072.3656864665727
384.4815606440285,2920.808359544241
380.4924485923397,3198.426228335023
374.30191844385286,2779.459214765005
403.2270248761306,2694.376480549261
357.88883672915136,2597.581030698935
349.92554318463806,2734.394080193329
363.7001025519394,3085.419159081856
403.96402156671684,3013.537878853071
349.2259266353456,3016.5850111922136
413.9657246434895,2795.7690561362897
366.13028694301664,2223.955580333055
399.54268491040864,2560.5924746857518
379.45017988943715,2573.998332304612
375.1056476871385,2665.9102453006444
416.06981350385024,2757.3424812431567
348.7821597779518,2648.917623514194
363.6334705378872,2902.213835474959
357.67114329291064,2726.931237557136
373.2327258764177,2670.2459968422963
393.465996632772,2700.994106575265
377.5187331329018,2527.8310104226002
370.2677918780208,3036.1350619156165
350.8494145096292,2750.799164159576
345.2448311428971,2725.8413358819407
361.5929055019352,2816.9619737041608
409.41203071173834,2641.02090049796
385.45460173267685,2829.965754803668
337.80953785325784,2881.925525188867
389.75498148757197,3144.0118735028223
365.11424127902114,2909.600945457538
435.72228417572404,2505.816507923717
372.00215614528884,2907.6319002215614
360.52515696746,2870.887999925383
375.12614096785086,3298.342491934056
371.8963999191631,2980.7426618968952
331.6731126731252,3347.0022501172357
371.86890768632486,3101.866582576657
376.72844437675064,3129.478350734735
401.65140012204455,2627.451908811019
389.191239581145,2734.939506232129
352.01225942759424,2939.890407908121
371.93134005794883,3027.7444675543597
416.5012405153978,3198.43516267622
336.57884831991174,2904.7474131857325
379.23263221781855,2945.470208358238
369.26283798314796,2918.3753081491527
389.74016344949325,2915.541371178497
371.3473714203415,2732.5642329564816
388.9392414919152,2873.755757343544
406.3744373970645,2531.1052213701482
367.2823704996279,2947.9250963390477
421.61822349745063,2689.736244014147
376.02003352819327,2971.361466700657
373.1212878676043,2916.6162081749458
329.1172329463758,3164.996660597343
371.3815816192291,2611.3875203250664
375.49929085894416,3089.709464408456
402.02968736606215,3024.326362463581
409.3073804254151,2722.1931734097807
373.8629641521665,3013.2945839255603
396.09134662672136,2692.480572609833
375.1398707821511,2738.4143475095193
381.0300547644753,2773.017276928625
337.1971861694385,3194.0288447857383
357.8247620497133,2834.811098182829
369.63098941946834,2826.534133565393
415.67295463928383,2656.6005554926605
419.8347192551756,2752.399867805528
392.50271331263633,2919.1738376163976
382.15213604455886,2725.8509551972893
371.20487639286176,2711.102934062123
365.5531602641468,2915.1016893260357
398.5554347627069,3015.797351376537
362.66804625144835,3169.6740938718835
391.640789510162,2771.203978292795
346.9776402520975,2739.062672934269
375.22706643414915,2821.086516036958
389.1324310023081,2338.4011094348043
390.31964791103053,2696.583408168431
378.60358609288767,3056.524838391069
364.52239346439524,2937.927274136681
354.58662467591364,3007.395469722683
396.5588330539145,2736.985051268169
347.3660150596112,3126.836769685637
353.30659030423897,3089.4681640434997
334.84157970811384,3051.509764634115
378.56323894901277,2635.0332612887505
333.98280552037886,3059.946332886225
350.20859376283005,2689.5867469035998
387.480967897087,2620.703052461915
384.29981282075516,2891.916445680171
365.6605357752833,3070.4442169100594
352.7684069162802,2918.103199287993
336.75031295891813,2858.440297399838
350.5547122548513,3175.1499537430445
392.6457095597409,2642.890913002484
351.4969274583416,3247.443885212288
386.64440402246146,2584.011638721498
381.34735309076143,2599.68801241662
358.3177804696814,3013.1644349991907
384.3406267123551,3087.5959697988483
352.1015865980516,3102.994794244368
351.87682269528955,3058.523723661507
385.1756710405657,2787.752071569261
342.0810266404991,3079.538149953826
382.52195896708395,2641.572189248378
375.5642602278932,2713.0407689010754
404.7342872432402,3019.3560014304107
359.5391463946537,3189.9879188621712
362.079329632392,2960.5905970237154
350.9405493409279,3257.974345151673
402.83751971806663,2396.2771739285345
358.3990331148224,3028.109091581999
383.2159303024488,2584.352249258337
349.63997320466746,2735.648388908186
338.2297882594648,2914.2056491525877
358.80045696615355,2882.695001625993
232.5878552127852,3168.839695295866
360.69301006815436,2749.38364037467
385.6250006956186,2966.8857900793682
379.68225137971876,2912.2448722597424
382.4004689611835,2896.8458295388195
366.7507214090969,2861.635188068689
330.52110476797725,3143.6629307616136
362.5294939812541,2745.882077142829
321.8248299088621,2920.280960234389
401.9967982189998,2754.2940396537183
398.9796494424649,2715.427668125769
341.1717423434062,2999.656487060219
363.3359717900527,2983.773971787608
377.8950482152162,2929.6915048463848
373.8164340839634,2850.4770667883613
408.09727977303584,2972.7507112763733
400.3956003300898,2873.253745723909
387.5184234465012,3024.1284264826286
395.1119028905539,2443.478952221295
355.40892889752416,2869.0132109150586
383.12585833188484,2948.941445255983
347.186647137616,2899.0964474480616
364.1526797031912,3038.056396854577
349.14370329692525,3295.987801042573
416.4957362462,3045.150558742641
381.33358139366277,3056.264245052312
373.2762916423586,2655.215231874809
348.1576979333654,2874.3524750815723
388.79614599441874,2758.4092235700464
350.9076943852464,2874.6580785858037
387.38685298078906,2842.9825827342797
432.4793189048558,2538.3386818598096
347.32728743822446,3106.567748003565
346.2247391760899,2839.511937826938
386.1220827448129,2535.63007567987
384.5380484967337,3165.8106001521332
402.4198459694657,2687.360649450657
407.3641433453509,2343.4646077820616
349.37788652682593,2906.933788953069
341.28499320629993,3053.331456314384
353.80940690977445,3151.9564954095254
415.4508313932748,2547.5359004345346
351.1437494921525,2805.801072802221
380.0627394137902,2817.527420425651
362.67115340272005,2918.978289364455
397.5400540207823,2530.605195714609
362.15603102689437,2452.6729516433115
362.0310766293972,2690.7271174455364
356.14515340219236,3247.254014913577
371.0209462762104,3084.09515868914
369.92866491548426,2775.220346268892
364.9463626490405,2898.478358655744
370.7859258206862,2417.6654740603562
409.11731736442334,2729.6012429361595
373.60809925840607,2853.992581448292
330.8505979771633,2835.3905713163067
395.40499064053085,2955.241437799215
395.23512731923796,2661.511870689444
363.9156035353688,3048.336671070982
327.00463671139363,3361.837213813776
385.4266853279637,3299.731867711637
378.78682740748025,2853.8107772420008
350.3801192578245,3207.1441028779936
357.9989178164257,3068.1151445577643
404.77191722124235,2695.498818838338
359.61112391683395,2718.351060448321
374.5479996368627,3094.2306171138875
431.7586212866343,2500.2156461054024
371.88038821875006,3010.311923411847
346.8405826047838,2794.9354062539533
386.5965902346188,2562.005557467942
341.4537043462074,2637.924149788666
405.06642188435654,2998.9219449721736
377.9521040420569,2988.1519984947636
382.8104389191543,2725.5491532499177
348.128936187024,2836.8088201866503
379.0499279139538,2649.2192339396797
391.4927490261769,2708.453634190816
361.8918307301448,2550.9011562953883
350.45818811107176,3174.6040966169026
356.4714886466202,2891.5809899484593
410.7802607447995,2748.666954666329
323.92626216350146,2996.9625443432105
389.78214197900513,2718.330124749455
385.6876840548099,2514.077877815953
410.3261654984596,2427.7130163440547
348.14907414276917,2943.9005960194672
361.34949223915055,3014.976407853443
413.56744738199166,3087.2060223814515
364.6137472921237,2474.5649571323875
368.9729662238466,2874.91536501754
376.7196106420435,2915.709930745604
352.42365197412454,2933.9737875594733
444.33620702321963,2151.208617999288
396.4571470948166,2921.851851140052
390.5517912395842,3119.452499310216
378.88658458992205,3148.0953086507075
373.3299830547857,2722.269828760856
385.52284317490603,2799.495794328523
382.4701570485887,2784.479148304149
341.1139329787865,2992.716328187047
364.10560810405104,2774.593195814624
378.79179479189753,2679.1056284529354
414.2755158878527,3323.6451154268543
360.95690360879837,2783.7293976873607
428.044204700214,2395.4723103886763
394.58678691124686,2612.677388420649
392.85674396653053,2487.087464835058
373.25271715353205,3094.514078778045
342.0795307794117,3159.4316063933916
355.95858559347863,3120.9411629416554
375.87398726668647,2645.4882654366393
396.60633507240266,2580.90456207144
405.77463345355636,2872.229537790226
410.73501188696883,2617.177198592148
389.8324353136142,3118.3002926699733
372.5578423772689,2458.3217746775267
376.2497175128472,3265.930317381051
370.33943030432266,2851.473197255561
353.59593067958184,3072.2344418495945
322.5624321908121,3184.230009793065
360.5264704181969,2907.820302804835
362.19976824355865,2498.695630682043
395.50930890083987,2586.311435309641
374.8511070259854,2786.685644282912
357.15075419043745,3252.4093075423466
359.7631138891567,3105.5405652676714
435.8760395817241,2749.037233330793
390.2341950786413,2862.2552236599176
339.26753794830404,2972.9197627770814
386.57475370913437,2781.3746863688075
351.2128999875872,2788.743035986982
394.40421483588193,2894.5347933817047
352.02021606435136,3078.362734664497
354.4686375096517,2867.8455179258062
381.7002405875885,3075.831385980862
410.6773353782453,2758.114643754899
351.8214718018548,2943.020293970196
400.892136682946,2927.8289690019037
386.9287039534987,2804.1386828886875
345.64515228582115,2940.5329059864434
361.82221411714926,2840.0208372046227
395.42936172548457,2522.307804384373
396.07396553734895,3059.506912818071
401.7293843513224,3022.918285257887
386.5895593648908,2798.603458599702
350.62899014803236,3230.352466999201
389.78142490394487,2984.1355469765385
357.3176054904332,2422.5748597671413
396.7669800462426,2714.069217809064
374.94440941837854,2756.247562988211
436.5651278608185,2813.95322953262
386.9943456240319,2627.774692763117
374.8073664757002,3218.220617478623
384.67725621918265,2955.047390670328
345.43395630732545,2706.739662536763
395.2978459061226,2798.020974406297
372.7659321409952,2945.2493658926196
370.8293400477933,2510.103387140582
357.73631411307883,3078.866646189753
409.6114733990991,2972.260819358874
364.6216829791636,2624.8735157555657
362.1782669751741,3017.071116633045
391.950231631075,2709.023868817951
386.33140949632,2618.382564812513
367.9013236009465,2726.9475178106377
343.4774376595172,2830.6559489572955
383.4596974404078,2790.286399986108
362.0450890565675,2934.5249196722466
300.1624238713756,3397.973521593662
373.70948861014364,2620.4979127811816
383.06247617873294,2978.3916477392504
358.62701979426123,2455.054606958077
399.51313954605484,2690.809042900961
399.3353553399093,2680.586635839968
379.6973397025669,2985.958775398153
374.0621702558233,2897.1575758029085
366.7714425786203,2714.726537782086
415.74597352421495,2953.9796838490333
362.1438544715255,2833.81196593323
422.6759834805225,2874.427970180223
379.7692404583939,2866.965348806671
355.06255657573683,2802.6389875112104
379.2076931090409,3082.375812619966
348.9232614485386,3194.660262178124
431.41150595215737,2418.7845403631964
406.8316769765238,2953.451155336485
394.94492998176764,2847.1016059369867
387.053748854603,2526.4809240809514
356.6699573817493,2891.5046598818294
344.1358104295976,2793.0102789330626
352.7335731701558,3023.5889374257613
380.1210387472132,2728.5193766625266
416.3579627965968,2657.14297163045
398.69621342323603,2664.049456007861
407.5529019898199,2809.252486663213
375.69624689633565,2684.886769046308
358.4616724776141,3213.4610042716577
413.1961028834549,3098.738528001885
331.03452236541364,3118.111601156248
402.0200503000617,2945.3443262695164
359.7903005619739,2699.162994145857
391.89496159466063,2379.5505165439545
350.67392278366236,3088.8260436403602
363.8002831274488,2511.828773769089
393.30468539125366,2642.621249247019
355.7774576222065,3055.8509692898992
399.894096794202,2646.319922257904
378.7680157532329,2674.324577673529
378.68579695552927,2954.3548466133757
386.0207445426228,2858.083537249961
363.1926761893732,3098.997033747145
363.7671724873617,2913.534738438429
388.83377014586256,2722.6379334634053
363.48137017232926,2920.507839757073
384.8708446343644,2860.1847420326776
254.5922351096508,2881.8443277841966
388.10711760943116,2987.4139613392967
395.4772452570134,3086.725015775821
328.7671589433712,3033.750509189753
389.7846951583202,2723.003450031318
408.3864435236769,3004.858786322243
378.5842130531172,2915.412021309279
348.41281590533316,3239.4108004058367
365.7414100107165,2852.426853911243
395.60915482636085,2865.3422174963184
413.2466329115212,2847.2007266056244
381.1612384636212,2779.187505936868
397.5726790220304,2867.002793480071
370.3939545203242,2693.147700804473
354.6896449470887,2877.8586454986657
374.8986188162523,3001.5833607498994
351.1549337101595,2832.93576560035
386.4553683189254,2687.111024812601
389.58787201130616,2636.917773903492
356.34583445320015,2880.252631480761
366.96630477844565,2570.724652560265
359.58286456102036,2908.325416625701
376.80362893696986,2758.7043264587714
376.4734829418081,2701.099165911397
414.57558716525915,2674.946477215311
415.8173680386801,2487.9640874832976
338.8301496406612,2944.541804644943
357.00925463880117,2998.4174211380805
369.3970830031093,2932.992217234948
386.1750590739558,2695.7968443671016
363.90046988515513,3029.896507062329
369.75605640709847,2893.063241945201
345.03567058702674,2956.339780153171
348.60087402268664,2995.642449839515
383.08041392245667,2975.311494858052
346.61893568879026,2852.9989514356653
385.17087622544784,2831.5285639537856
359.44123827489835,3058.1875182326207
321.5457389522253,2711.48450957317
350.6570705818262,2998.0031610437873
346.4325829107332,3077.952235719651
379.7225565809832,2950.753154710038
348.5896231516316,3019.933328503458
421.0443817849273,2851.582486049458
383.42763895679565,2830.881560587911
382.6645746640827,2724.715083676094
379.8453487646793,2723.8240112488165
328.41521372245904,2827.572297812659
355.0178242885433,3047.344730583512
353.5148433553502,2828.1976791425177
371.1582928746248,3043.320051587605
395.2183347368952,2823.573192641266
405.3406194215917,2693.807873811213
367.0574618725065,2827.4710946989153
370.1886405556778,2649.401345449688
386.2036316646743,2800.4849332879853
350.43044157729423,2980.9944826680285
379.45272209301095,2266.7727621314684
342.9422173459675,2760.358285552645
381.8400242898177,2981.0462448228636
383.76669756390817,2783.9539742747966
384.6892305024518,2887.288933007898
371.77370337333366,2732.518142779721
426.96988535906496,2671.1790236320194
344.51244203555865,2917.5805076538973
439.2401593287993,2574.4158346563822
357.220740702589,3007.2078461873084
349.1964218098448,2927.823575100115
329.88433440539404,2966.1613406224724
417.8140564480355,2654.201328014631
361.0048445425503,2612.0632878178008
345.676930333048,2803.5092517914445
357.5848675722918,2726.221736373387
380.6827409582319,3238.747057024623
368.47888773408414,2590.8692737879487
422.40730786160753,2908.813951523557
387.84677065477723,3037.064011258976
356.78281531686815,3419.938707586689
398.63638478504873,2840.1552472190638
368.5204436252993,2843.430521206012
348.5387723829973,3460.090316447205
372.36666281058035,2651.306936109252
377.29957252998304,2844.0696426152763
411.59265143551085,2739.978832136193
343.25710465484013,2932.532506209674
375.46835819686777,2662.2110437076635
397.29485826121595,3005.2727119906763
403.2737502891694,2887.7169260405126
372.09013951419837,2906.4502625846912
370.60044634205343,2944.6129998014612
353.16579652378624,3069.3252736078302
370.1545711658566,2702.379420358329
378.5503259653373,2762.659624312801
235.89359923876583,3076.068740500113
388.8656153657828,3069.881834072796
360.97472539450854,2851.720994661353
367.8811849623168,3170.472903805623
373.46148862727273,2748.118495659457
357.04877605894615,2971.402181508933
367.4842183777138,2777.4648736635313
369.2320096671534,2758.6664045965613
375.5212364589026,2806.1288680963953
347.18496728470075,3001.1728030786267
408.7027750728755,2663.239016917545
400.7490590920475,2750.581790325724
372.4088061240272,3227.1632460382802
342.68407943955737,3415.823677176253
330.3284653992924,2836.8761222728913
310.7803626988688,3012.097909860321
316.28126573858464,3055.3705035217304
333.1758687991321,3103.876945588464
361.4152216843168,2941.8237715713867
371.6499843878657,2500.817264619808
380.610042085568,2911.7254044555925
367.47055075241343,2928.2149836585827
327.0334902558364,2744.264703326515
356.588466383993,2991.183170284024
368.8314095568613,2988.415533572744
414.41709327505913,2763.4042842424165
412.24507297840444,2957.355711142371
352.17544912411483,3009.461493237009
361.38269807090836,2713.108884813938
387.2248105110338,2655.001120628589
370.1804300607433,2694.611489671329
348.7312553401944,2967.6751776192546
355.5641760541784,2606.345594565706
359.6290919445829,2744.161547953464
384.4825340125715,2831.3393602761353
360.66485221376416,2701.104521777983
375.6477829398005,2575.235092550817
369.0661190124661,3254.447485929527
366.9722411986962,2911.076317283192
404.1205180501306,2639.2792467977433
367.6398373535824,3165.119865820653
362.6946202259957,2643.3174274069097
442.01283099979577,2683.3388788155216
399.07549443554495,3042.355369531809
403.2403433051229,2328.8168500235793
391.32475204198374,2933.8850983668103
378.26082766731315,2919.3053947941717
394.8285748947114,2670.650419711985
342.91977540116784,3159.3918856358728
343.6333529282918,3128.6830490329976
379.83792979906434,2996.146809755748
373.3951694307122,3236.6270892762486
241.06747093386213,3043.4399254113787
341.26113773158266,3004.275352088429
387.750269761422,2738.353937895579
370.8816559498017,2972.782852078469
337.6168597866344,3003.0905227185913
358.0421741428524,3184.0900060046342
344.0296438119846,3032.381711088241
362.4579299193537,2845.0916555581402
359.8921660291298,2846.441540897033
377.7364895582049,2973.9721357287176
325.99241709413144,2725.3287733547304
393.2541190918855,2608.471016381762
374.5638506257827,2823.1172449100154
367.82557123704424,2663.5677073813745
384.1346820865412,2756.6969342956268
355.79601186045477,2822.552612099151
390.87757006873187,2432.704852061422
386.3648033956403,2797.325076937287
345.75475173963537,2748.960978330272
387.5863015756925,3170.911233047953
377.0673227895781,3319.7278316631127
397.33535957186416,2502.548844950499
360.30322722880567,3137.1519493577116
369.54157035495234,3290.7102070957103
357.9586576837014,2979.336034523431
374.5981877679741,2522.563198136986
355.89311859944524,2656.3454517114315
377.9734552621701,2527.8087574860347
410.8360403872823,2484.795331391794
388.1332456506144,2701.095140576969
347.49492557050866,3130.664905189338
361.7535189305787,2484.5257178050924
398.66514911402567,2842.288826391334
393.63118043570336,2775.317321567709
375.5348821603665,2821.131392974013
348.5635595120209,2851.5721681506093
361.5109704802833,2808.9292766841168
371.1701579997834,2946.7982249883894
357.6501226681038,3060.0007049853966
379.5894101113189,2602.932548425649
397.5732367917597,2786.3159450255794
400.4414522754409,2823.694852049273
447.29409376162175,2507.3330299200798
358.8301661500985,3377.673971289115
400.86618553967406,2722.739072800844
382.29488477345683,2990.1725229475487
376.20593247935415,3136.567182185273
374.7133417253783,2872.433295280421
339.5199787001442,2832.683546562184
366.0406411214763,2699.553129048173
397.461909551527,2789.978082732904
394.16413146579765,2740.48497251501
378.67319202724286,2719.972433166812
347.3750118005732,3031.328109427135
359.9027778510157,2740.4677138756524
361.3620580697003,3281.866810670697
356.88103913334623,2698.043352617873
380.2664572309259,3021.9997697978606
366.53829352754326,2930.5022837364904
357.2284167332294,2696.12423874004
382.0311035461329,2911.565167667881
345.9441050765078,2770.849376045955
376.0127171124108,2887.642161327461
398.7908218866961,2762.6532164095397
375.85710157988325,2397.4918220722257
374.596729191143,2998.1196546867377
370.85161135138804,2798.8585384441026
352.4411876952838,3144.2349897200043
381.01073115858304,3244.292517986125
363.6211161332174,3002.4637027515873
365.1524145532253,3188.915922449129
347.95645777792765,2845.651590406786
405.1277516678609,2694.875860075831
409.58785564256914,2453.6128339048028
332.43808337171953,3043.1138731049377
400.1224836834484,2960.533547251345
385.20151861983857,3230.2726345450023
375.8187492031885,2706.439206818078
356.5771790672561,3124.892364462657
427.5955734817121,2699.8906378060838
376.05249207743066,2883.339434675461
356.3435720514093,2609.617859674423
402.6411982409616,2665.814740502737
362.9029194113424,2585.044668396617
376.97859748660073,2866.948555695941
369.2508680903183,2758.651655961382
394.9687941429207,2809.4278909652485
373.7348319682013,3040.8159399041087
378.9710922229538,2983.037534663772
400.31729502265677,2940.153051137677
381.5764537160943,2514.741303112809
364.297006587454,2775.4441446045785
387.1632336938623,2698.189619982796
394.36125662404106,2768.2429248955896
377.80418649428407,3118.334623307633
355.5363306515658,3130.9612141285193
397.5905655168624,2871.640842105094
373.61982651774144,2775.338956048043
385.83831890598884,3058.8920002446307
